Environment,Model,Truth_Source,N_Samples,Bias,MAE,RMSE,Correlation,POD,FAR,CSI
onshore,IFS,Station Observations,6,1.1630733822066395,1.1630733822066395,1.7672871935396104,0.2678266706669012,,1.0,0.0
onshore,AIFS Single,Station Observations,6,0.8953590407251127,1.1556075939112633,1.8753471655065737,0.3360548199842922,,1.0,0.0
onshore,AIFS Ens Mean,Station Observations,6,1.1775090826180756,1.4239308492759335,2.272579746481112,0.23013576986424494,,1.0,0.0
coastal,IFS,Station Observations,12,3.1523899324446902,3.98460353299985,4.569609256063254,0.04131395652675705,,1.0,0.0
coastal,AIFS Single,Station Observations,12,1.5847129908909394,2.441970694948878,2.9679436122764784,0.02193757422091042,,,
coastal,AIFS Ens Mean,Station Observations,12,1.1931881020604491,2.659914002757006,3.149599956144519,-0.0015200234169011654,,,
offshore,IFS,Station Observations,15,0.5554658045585708,3.211332470969862,3.7013649133881414,-0.10230576544876537,,1.0,0.0
offshore,AIFS Single,Station Observations,15,0.07492880326665995,2.690351147448622,3.283974959323935,-0.13183092628682253,,1.0,0.0
offshore,AIFS Ens Mean,Station Observations,15,0.02044220136050144,2.6159822485726787,3.2313519433610938,0.0029363320923806095,,1.0,0.0
